Name,MU59 - 1,MU59 - 2,G10L - 1,G10L - 2,MU05 - 1,MU05 - 2,ZFX - 1,ZFX – 2,Y318_2 - 1,Y318_2 – 2
Blank_UarA,No peaks,No peaks,No peaks,No peaks,No peaks,No peaks,No peaks,No peaks,No peaks,No peaks
Positive_UarA,246,248,178,188,123,123,160,160,235,235
Sample-1_UarA_rep1,230,240,182,182,127,127,160,160,No peaks in locus,No peaks in locus
Sample-1_UarA_rep2,230,240,182,182,127,127,160,160,No peaks in locus,No peaks in locus
Sample-1_UarA_rep3,230,238,182,182,127,127,160,160,No peaks in locus,No peaks in locus
Sample-2_UarA_rep1,230,240,182,182,127,127,160,160,No peaks in locus,No peaks in locus
Sample-2_UarA_rep2,230,240,182,182,127,127,160,160,No peaks in locus,No peaks in locus
Sample-2_UarA_rep3,230,240,182,182,127,127,160,160,No peaks in locus,No peaks in locus
Sample-3_UarA_rep1,230,240,182,182,127,127,160,160,No peaks in locus,No peaks in locus
Sample-3_UarA_rep2,230,240,182,182,127,127,160,160,No peaks in locus,No peaks in locus
Sample-3_UarA_rep3,230,240,182,182,127,127,160,160,No peaks in locus,No peaks in locus
Sample-3_UarA_rep3,230,240,182,182,127,127,160,160,No peaks in locus,No peaks in locus
Sample-4_UarA_rep2,230,240,182,182,127,127,160,160,No peaks in locus,No peaks in locus
Sample-4_UarA_rep3,230,240,182,182,127,127,160,160,No peaks in locus,No peaks in locus
Sample-5_UarA_rep1,248,248,182,182,109,127,160,160,235,235
Sample-5_UarA_rep2,248,248,182,182,109,127,160,160,235,235
Sample-5_UarA_rep3,248,248,182,182,109,127,160,160,235,235
Sample-6_UarA_rep1,248,256,172,178,127,127,160,160,235,235
Sample-6_UarA_rep2,248,256,172,178,127,127,160,160,235,235
Sample-6_UarA_rep3,248,256,172,178,127,127,160,160,235,235
Sample-7_UarA_rep1,256,256,182,188,121,127,160,160,No peaks in locus,No peaks in locus
Sample-7_UarA_rep2,256,256,182,188,121,127,160,160,No peaks in locus,No peaks in locus
Sample-7_UarA_rep3,256,256,182,188,121,127,160,160,No peaks in locus,No peaks in locus
