Name,MU09 - 1,MU09 - 2,MU51 - 1,MU51 - 2,MU10 - 1,MU10 - 2,SMCY - 1,SMCY - 2,MU23 - 1,MU23 - 2,MU50 - 1,MU50 - 2
Blank_UarB,No peaks,No peaks,No peaks,No peaks,No peaks,No peaks,No peaks,No peaks,No peaks,No peaks,No peaks,No peaks
Positive_UarB,112,120,152,152,143,147,100,100,166,173,124,130
Sample-1_UarB_rep1,98,122,150,150,141,141,No peaks in locus,No peaks in locus,166,173,124,132
Sample-1_UarB_rep2,98,122,150,150,141,141,No peaks in locus,No peaks in locus,166,173,124,132
Sample-1_UarB_rep3,98,122,150,150,141,141,No peaks in locus,No peaks in locus,166,173,124,132
Sample-2_UarB_rep1,98,122,150,150,141,141,No peaks in locus,No peaks in locus,166,173,124,132
Sample-2_UarB_rep2,98,122,150,150,141,141,No peaks in locus,No peaks in locus,166,173,124,132
Sample-2_UarB_rep3,98,122,150,150,141,141,No peaks in locus,No peaks in locus,166,173,124,132
Sample-3_UarB_rep1,98,122,150,150,141,141,No peaks in locus,No peaks in locus,166,173,124,132
Sample-3_UarB_rep2,98,122,150,150,141,141,No peaks in locus,No peaks in locus,166,173,124,132
Sample-3_UarB_rep3,98,122,150,150,141,141,No peaks in locus,No peaks in locus,166,173,124,132
Sample-4_UarB_rep1,98,122,150,150,141,141,No peaks in locus,No peaks in locus,166,173,124,132
Sample-4_UarB_rep2,98,122,150,150,141,141,No peaks in locus,No peaks in locus,166,173,124,132
Sample-4_UarB_rep3,98,122,150,150,141,141,No peaks in locus,No peaks in locus,166,173,124,132
Sample-5_UarB_rep1,116,122,140,142,151,151,100,100,166,173,110,128
Sample-5_UarB_rep2,116,122,140,142,151,151,100,100,166,173,110,128
Sample-5_UarB_rep3,116,122,140,142,151,151,100,100,166,173,110,128
Sample-6_UarB_rep1,98,110,140,148,135,141,100,100,164,170,128,136
Sample-6_UarB_rep2,98,110,140,148,135,141,100,100,164,170,128,136
Sample-6_UarB_rep3,98,110,140,148,135,141,100,100,164,170,128,136
Sample-7_UarB_rep1,116,120,152,152,143,151,No peaks,No peaks,No peaks,No peaks,128,134
Sample-7_UarB_rep2,116,120,152,152,143,151,No peaks,No peaks,No peaks,No peaks,128,134
Sample-7_UarB_rep3,116,120,152,152,143,151,No peaks,No peaks,No peaks,No peaks,128,134
